restaurant_id,external_source,osm_type,osm_id,canonical_name,name_vi,name_en,amenity,cuisine_raw,cuisine_normalized,brand,operator,full_address,street,housenumber,ward,district,city,country,lat,lon,phone,website,website_menu,opening_hours,takeaway,delivery,diet_vegetarian,diet_vegan,diet_halal,diet_kosher,outdoor_seating,wheelchair,source_url,source_observed_at,data_license,attribution_required,discovery_confidence,menu_status,verification_status,review_status,raw_tags_json,notes
rest_osm_node_11609629180,openstreetmap,node,11609629180,80+ coffee roastery,80+ coffee roastery,,cafe,,,,,,,,,Ba Đình,Hà Nội,Vietnam,21.0304393,105.8364660,,,,,,,,,,,,,https://www.openstreetmap.org/node/11609629180,2026-07-08,ODbL-1.0,true,0.75,not_observed,unverified,needs_review,"{""amenity"": ""cafe"", ""name"": ""80+ coffee roastery""}",
rest_osm_node_11521920518,openstreetmap,node,11521920518,AHA Cafe,AHA Cafe,,cafe,,,,,,,,,Ba Đình,Hà Nội,Vietnam,21.0347916,105.8111925,,,,,,,,,,,,,https://www.openstreetmap.org/node/11521920518,2026-07-08,ODbL-1.0,true,0.75,not_observed,unverified,needs_review,"{""amenity"": ""cafe"", ""name"": ""AHA Cafe""}",
rest_osm_node_12651070191,openstreetmap,node,12651070191,Adrenaline,Adrenaline,,cafe,coffee_shop,coffee_shop,,,Ngõ 9 Liễu Giai,Ngõ 9 Liễu Giai,,,Ba Đình,Hà Nội,Vietnam,21.0349496,105.8148326,,,,,,,,,,,,,https://www.openstreetmap.org/node/12651070191,2026-07-08,ODbL-1.0,true,0.75,not_observed,unverified,needs_review,"{""addr:street"": ""Ngõ 9 Liễu Giai"", ""amenity"": ""cafe"", ""contact:facebook"": ""https://www.facebook.com/AdrenalineFlavorHub"", ""cuisine"": ""coffee_shop"", ""name"": ""Adrenaline"", ""training"": ""cooking""}",
rest_osm_node_10718073305,openstreetmap,node,10718073305,Ardor,Ardor,,cafe,,,,,,,,,Ba Đình,Hà Nội,Vietnam,21.0286277,105.8371766,,,,,,,,,,,,,https://www.openstreetmap.org/node/10718073305,2026-07-08,ODbL-1.0,true,0.75,not_observed,unverified,needs_review,"{""amenity"": ""cafe"", ""internet_access"": ""wlan"", ""name"": ""Ardor""}",
rest_osm_node_11885987569,openstreetmap,node,11885987569,COC Roastery,COC Roastery,,cafe,bubble_tea;coffee_shop;tea,"bubble_tea,coffee_shop,tea",,,47 Phố An Dương,Phố An Dương,47,,Ba Đình,Hà Nội,Vietnam,21.0527410,105.8403861,0899307555,,,Mo-Su 07:00-23:00,,,,,,,,,https://www.openstreetmap.org/node/11885987569,2026-07-08,ODbL-1.0,true,0.75,not_observed,unverified,needs_review,"{""addr:housenumber"": ""47"", ""addr:street"": ""Phố An Dương"", ""amenity"": ""cafe"", ""contact:facebook"": ""COCCAPHE.EST2018"", ""cuisine"": ""bubble_tea;coffee_shop;tea"", ""email"": ""corolabfnb@gmail.com"", ""internet_access"": ""wlan"", ""name"": ""COC Roastery"", ""opening_hours"": ""Mo-Su 07:00-23:00"", ""phone"": ""0899307555""}",
rest_osm_node_9805222050,openstreetmap,node,9805222050,Cafe Xí nghiệp 2,Cafe Xí nghiệp 2,,cafe,,,,,"Số 23, Ngõ 210 Đội Cấn, Ba Đình","Số 23, Ngõ 210 Đội Cấn",,,Ba Đình,Hà Nội,Vietnam,21.0345494,105.8210095,,,,Mo-Su 07:00-23:00,,,,,,,,,https://www.openstreetmap.org/node/9805222050,2026-07-08,ODbL-1.0,true,0.75,not_observed,unverified,needs_review,"{""addr:district"": ""Ba Đình"", ""addr:street"": ""Số 23, Ngõ 210 Đội Cấn"", ""air_conditioning"": ""yes"", ""amenity"": ""cafe"", ""contact:facebook"": ""https://www.facebook.com/cafexinghiep2/"", ""lgbtq"": ""welcome"", ""name"": ""Cafe Xí nghiệp 2"", ""opening_hours"": ""Mo-Su 07:00-23:00"", ""payment:credit_cards"": ""yes"", ""smoking"": ""yes""}",
rest_osm_node_13342409262,openstreetmap,node,13342409262,Camy Café,Camy Café,,cafe,,,,,,,,,Ba Đình,Hà Nội,Vietnam,21.0441553,105.8174197,,,,,,,,,,,yes,,https://www.openstreetmap.org/node/13342409262,2026-07-08,ODbL-1.0,true,0.75,not_observed,unverified,needs_review,"{""amenity"": ""cafe"", ""internet_access"": ""wlan"", ""internet_access:fee"": ""no"", ""name"": ""Camy Café"", ""outdoor_seating"": ""yes""}",
rest_osm_node_12679316801,openstreetmap,node,12679316801,Cang Tin Minh Nu,Cang Tin Minh Nu,,cafe,,,,,,,,,Ba Đình,Hà Nội,Vietnam,21.0381311,105.8310864,,,,,,,,,,,,,https://www.openstreetmap.org/node/12679316801,2026-07-08,ODbL-1.0,true,0.75,not_observed,unverified,needs_review,"{""amenity"": ""cafe"", ""name"": ""Cang Tin Minh Nu""}",
rest_osm_node_12252622818,openstreetmap,node,12252622818,Chilling - Coffee & Toast,Chilling - Coffee & Toast,,cafe,,,,,,,,,Ba Đình,Hà Nội,Vietnam,21.0380741,105.8122488,,,,,,,,,,,,,https://www.openstreetmap.org/node/12252622818,2026-07-08,ODbL-1.0,true,0.75,not_observed,unverified,needs_review,"{""amenity"": ""cafe"", ""food"": ""no"", ""name"": ""Chilling - Coffee & Toast""}",
rest_osm_node_7540706332,openstreetmap,node,7540706332,Cà Phê 74,Cà Phê 74,,cafe,,,,,74 Đường Hoàng Hoa Thám,Đường Hoàng Hoa Thám,74,,Ba Đình,Hà Nội,Vietnam,21.0410023,105.8241615,,,,,,,,,,,,,https://www.openstreetmap.org/node/7540706332,2026-07-08,ODbL-1.0,true,0.75,not_observed,unverified,needs_review,"{""addr:housenumber"": ""74"", ""addr:street"": ""Đường Hoàng Hoa Thám"", ""amenity"": ""cafe"", ""name"": ""Cà Phê 74""}",
rest_osm_node_7540706334,openstreetmap,node,7540706334,Cà Phê 82,Cà Phê 82,,cafe,,,,,,,,,Ba Đình,Hà Nội,Vietnam,21.0410536,105.8240207,,,,,,,,,,,,,https://www.openstreetmap.org/node/7540706334,2026-07-08,ODbL-1.0,true,0.75,not_observed,unverified,needs_review,"{""amenity"": ""cafe"", ""name"": ""Cà Phê 82""}",
rest_osm_node_4266207190,openstreetmap,node,4266207190,Cà Phê Bigone,Cà Phê Bigone,,cafe,vietnamese,vietnamese,,,281 Đội Cấn,Đội Cấn,281,,Ba Đình,Hà Nội,VN,21.0354013,105.8196451,0986007015,https://m.me/bigone.com.vn,,Mo-Su 07:00-23:00,,,,,,,,,https://www.openstreetmap.org/node/4266207190,2026-07-08,ODbL-1.0,true,0.75,not_observed,unverified,needs_review,"{""addr:country"": ""VN"", ""addr:housenumber"": ""281"", ""addr:street"": ""Đội Cấn"", ""amenity"": ""cafe"", ""cuisine"": ""vietnamese"", ""email"": ""Bigsun1612@gmail.com"", ""internet_access"": ""wlan"", ""name"": ""Cà Phê Bigone"", ""opening_hours"": ""Mo-Su 07:00-23:00"", ""phone"": ""0986007015"", ""website"": ""https://m.me/bigone.com.vn""}",
rest_osm_node_7176886994,openstreetmap,node,7176886994,Cà Phê Connect,Cà Phê Connect,,cafe,,,,,,,,,Ba Đình,Hà Nội,Vietnam,21.0295931,105.8385729,,,,,,,,,,,,,https://www.openstreetmap.org/node/7176886994,2026-07-08,ODbL-1.0,true,0.75,not_observed,unverified,needs_review,"{""amenity"": ""cafe"", ""name"": ""Cà Phê Connect""}",
rest_osm_node_7106090086,openstreetmap,node,7106090086,Cà Phê Cá Chép,Cà Phê Cá Chép,Cafe & bookstore,cafe,coffee_shop,coffee_shop,,,115 Phố Nguyễn Thái Học,Phố Nguyễn Thái Học,115,,Ba Đình,Hà Nội,Vietnam,21.0299333,105.8373109,,,,,,,,,,,,,https://www.openstreetmap.org/node/7106090086,2026-07-08,ODbL-1.0,true,0.75,not_observed,unverified,needs_review,"{""addr:housenumber"": ""115"", ""addr:street"": ""Phố Nguyễn Thái Học"", ""amenity"": ""cafe"", ""cuisine"": ""coffee_shop"", ""name"": ""Cà Phê Cá Chép"", ""name:en"": ""Cafe & bookstore""}",
rest_osm_node_422416741,openstreetmap,node,422416741,Cà Phê Cây Bàng Đổ,Cà Phê Cây Bàng Đổ,,cafe,,,,,,,,,Ba Đình,Hà Nội,Vietnam,21.0273274,105.8220368,,,,,,,,,,,,,https://www.openstreetmap.org/node/422416741,2026-07-08,ODbL-1.0,true,0.75,not_observed,unverified,needs_review,"{""amenity"": ""cafe"", ""name"": ""Cà Phê Cây Bàng Đổ""}",
rest_osm_node_6742138876,openstreetmap,node,6742138876,Cà Phê Cô Hàng Xóm,Cà Phê Cô Hàng Xóm,,cafe,,,,,,,,,Ba Đình,Hà Nội,Vietnam,21.0452944,105.8409351,,,,,,,,,,,,,https://www.openstreetmap.org/node/6742138876,2026-07-08,ODbL-1.0,true,0.75,not_observed,unverified,needs_review,"{""amenity"": ""cafe"", ""name"": ""Cà Phê Cô Hàng Xóm""}",
rest_osm_node_7085692622,openstreetmap,node,7085692622,Cà Phê Dilmah,Cà Phê Dilmah,,cafe,,,,,,,,,Ba Đình,Hà Nội,Vietnam,21.0335744,105.8384870,,,,,,,,,,,,,https://www.openstreetmap.org/node/7085692622,2026-07-08,ODbL-1.0,true,0.75,not_observed,unverified,needs_review,"{""amenity"": ""cafe"", ""name"": ""Cà Phê Dilmah""}",
rest_osm_node_4381937591,openstreetmap,node,4381937591,Cà Phê Duy Trí,Cà Phê Duy Trí,,cafe,coffee_shop,coffee_shop,,,43A Yên Phụ,Yên Phụ,43A,,Ba Đình,Hà Nội,Vietnam,21.0514592,105.8387858,,,,,,,,,,,,,https://www.openstreetmap.org/node/4381937591,2026-07-08,ODbL-1.0,true,0.75,not_observed,unverified,needs_review,"{""addr:housenumber"": ""43A"", ""addr:street"": ""Yên Phụ"", ""amenity"": ""cafe"", ""cuisine"": ""coffee_shop"", ""name"": ""Cà Phê Duy Trí""}",
rest_osm_node_4234157989,openstreetmap,node,4234157989,Cà Phê Gardenista,Cà Phê Gardenista,,cafe,,,,,,,,,Ba Đình,Hà Nội,Vietnam,21.0309402,105.8171637,,,,,,,,,,,,,https://www.openstreetmap.org/node/4234157989,2026-07-08,ODbL-1.0,true,0.75,not_observed,unverified,needs_review,"{""amenity"": ""cafe"", ""name"": ""Cà Phê Gardenista""}",
rest_osm_node_5233487022,openstreetmap,node,5233487022,Cà Phê Helio,Cà Phê Helio,,cafe,,,,,,,,,Ba Đình,Hà Nội,Vietnam,21.0303997,105.8372464,,,,,,,,,,,,,https://www.openstreetmap.org/node/5233487022,2026-07-08,ODbL-1.0,true,0.75,not_observed,unverified,needs_review,"{""amenity"": ""cafe"", ""name"": ""Cà Phê Helio""}",
rest_osm_node_8285594817,openstreetmap,node,8285594817,Cà Phê Lovegan Kitchen,Cà Phê Lovegan Kitchen,,cafe,,,,,,,,,Ba Đình,Hà Nội,Vietnam,21.0387639,105.8280932,,,,,,,yes,yes,,,,,https://www.openstreetmap.org/node/8285594817,2026-07-08,ODbL-1.0,true,0.75,not_observed,unverified,needs_review,"{""amenity"": ""cafe"", ""diet:vegan"": ""yes"", ""diet:vegetarian"": ""yes"", ""name"": ""Cà Phê Lovegan Kitchen""}",
rest_osm_node_6919278357,openstreetmap,node,6919278357,Cà Phê Ma Xo,Cà Phê Ma Xo,,cafe,,,,,,,,,Ba Đình,Hà Nội,Vietnam,21.0455368,105.8401930,,,,,,,,,,,,,https://www.openstreetmap.org/node/6919278357,2026-07-08,ODbL-1.0,true,0.75,not_observed,unverified,needs_review,"{""amenity"": ""cafe"", ""name"": ""Cà Phê Ma Xo""}",
rest_osm_node_7117106185,openstreetmap,node,7117106185,Cà Phê Rang Xay CLAB,Cà Phê Rang Xay CLAB,,cafe,,,,,Ngoc Khành,Ngoc Khành,,,Ba Đình,Hà Nội,Vietnam,21.0289118,105.8079182,+84936464903,,,Mo-Su 07:00-09:00,,,,,,,,,https://www.openstreetmap.org/node/7117106185,2026-07-08,ODbL-1.0,true,0.75,not_observed,unverified,needs_review,"{""addr:street"": ""Ngoc Khành"", ""amenity"": ""cafe"", ""name"": ""Cà Phê Rang Xay CLAB"", ""opening_hours"": ""Mo-Su 07:00-09:00"", ""phone"": ""+84936464903""}",
rest_osm_node_1497544853,openstreetmap,node,1497544853,Cà Phê Trang,Cà Phê Trang,,cafe,,,,,47 Phố Văn Miếu,Phố Văn Miếu,47,,Ba Đình,Hà Nội,VN,21.0279560,105.8363073,,,,,,,,,,,,,https://www.openstreetmap.org/node/1497544853,2026-07-08,ODbL-1.0,true,0.75,not_observed,unverified,needs_review,"{""addr:country"": ""VN"", ""addr:housenumber"": ""47"", ""addr:street"": ""Phố Văn Miếu"", ""amenity"": ""cafe"", ""name"": ""Cà Phê Trang""}",
rest_osm_node_6224180286,openstreetmap,node,6224180286,Cà Phê Văn Miêu,Cà Phê Văn Miêu,Juice bar,cafe,,,,,,,,,Ba Đình,Hà Nội,Vietnam,21.0271045,105.8357536,,,,24/7,,,,,,,,,https://www.openstreetmap.org/node/6224180286,2026-07-08,ODbL-1.0,true,0.75,not_observed,unverified,needs_review,"{""amenity"": ""cafe"", ""internet_access"": ""wlan"", ""name"": ""Cà Phê Văn Miêu"", ""name:en"": ""Juice bar"", ""opening_hours"": ""24/7""}",
rest_osm_node_11297601823,openstreetmap,node,11297601823,Cà phê Tháng Năm,Cà phê Tháng Năm,May Coffee,cafe,coffee_shop,coffee_shop,,,,,,,Ba Đình,Hà Nội,Vietnam,21.0359489,105.8340364,,,,,,,,,,,yes,,https://www.openstreetmap.org/node/11297601823,2026-07-08,ODbL-1.0,true,0.75,not_observed,unverified,needs_review,"{""amenity"": ""cafe"", ""cuisine"": ""coffee_shop"", ""name"": ""Cà phê Tháng Năm"", ""name:en"": ""May Coffee"", ""outdoor_seating"": ""yes""}",
rest_osm_node_11297601824,openstreetmap,node,11297601824,Cà phê Tháng Năm,Cà phê Tháng Năm,May Coffee,cafe,coffee_shop,coffee_shop,,,,,,,Ba Đình,Hà Nội,Vietnam,21.0361611,105.8340851,,,,,,,,,,,yes,,https://www.openstreetmap.org/node/11297601824,2026-07-08,ODbL-1.0,true,0.75,not_observed,unverified,needs_review,"{""amenity"": ""cafe"", ""cuisine"": ""coffee_shop"", ""name"": ""Cà phê Tháng Năm"", ""name:en"": ""May Coffee"", ""outdoor_seating"": ""yes""}",
rest_osm_node_6024401286,openstreetmap,node,6024401286,Cộng Cà Phê,Cộng Cà Phê,Công Ca Phe,cafe,coffee_shop;vietnamese,"coffee_shop,vietnamese",Cộng Cà Phê,,,,,,Ba Đình,Hà Nội,Vietnam,21.0335189,105.8158601,,,,,yes,,,,,,,,https://www.openstreetmap.org/node/6024401286,2026-07-08,ODbL-1.0,true,0.75,not_observed,unverified,needs_review,"{""amenity"": ""cafe"", ""brand"": ""Cộng Cà Phê"", ""brand:wikidata"": ""Q63864181"", ""cuisine"": ""coffee_shop;vietnamese"", ""name"": ""Cộng Cà Phê"", ""name:en"": ""Công Ca Phe"", ""name:vi"": ""Cộng Cà Phê"", ""takeaway"": ""yes""}",
rest_osm_node_4196680289,openstreetmap,node,4196680289,DIY Box,DIY Box,,cafe,,,,,,,,,Ba Đình,Hà Nội,Vietnam,21.0354519,105.8278222,,,,,,,,,,,,,https://www.openstreetmap.org/node/4196680289,2026-07-08,ODbL-1.0,true,0.75,not_observed,unverified,needs_review,"{""amenity"": ""cafe"", ""name"": ""DIY Box""}",
rest_osm_node_13635808289,openstreetmap,node,13635808289,Friday Milonga Hanoi,Friday Milonga Hanoi,,cafe,coffee_shop,coffee_shop,,,"1 Phố Trần Huy Liệu, Ba Đình, Hà Nội",Phố Trần Huy Liệu,1,,Ba Đình,Hà Nội,Vietnam,21.0276262,105.8229998,+84966799173,https://www.milongahanoi.com,,24/7,,,,,,,no,,https://www.openstreetmap.org/node/13635808289,2026-07-08,ODbL-1.0,true,0.75,not_observed,unverified,needs_review,"{""addr:city"": ""Hà Nội"", ""addr:district"": ""Ba Đình"", ""addr:housenumber"": ""1"", ""addr:postcode"": ""100000"", ""addr:province"": ""Hà Nội"", ""addr:street"": ""Phố Trần Huy Liệu"", ""addr:subdistrict"": ""Giảng Võ"", ""amenity"": ""cafe"", ""cuisine"": ""coffee_shop"", ""internet_access"": ""wlan"", ""internet_access:fee"": ""yes"", ""name"": ""Friday Milonga Hanoi"", ""opening_hours"": ""24/7"", ""outdoor_seating"": ""no"", ""phone"": ""+84966799173"", ""website"": ""https://www.milongahanoi.com""}",
rest_osm_node_13329827901,openstreetmap,node,13329827901,Fuku Coffee & Matcha,Fuku Coffee & Matcha,,cafe,,,,,6 Phố Yên Thế,Phố Yên Thế,6,,Ba Đình,Hà Nội,Vietnam,21.0287171,105.8394459,,,,,,,,,,,,,https://www.openstreetmap.org/node/13329827901,2026-07-08,ODbL-1.0,true,0.75,not_observed,unverified,needs_review,"{""addr:housenumber"": ""6"", ""addr:street"": ""Phố Yên Thế"", ""amenity"": ""cafe"", ""name"": ""Fuku Coffee & Matcha""}",
rest_osm_node_9805222052,openstreetmap,node,9805222052,Fuurin Cafe,Fuurin Cafe,,cafe,,,,,"Số 36 Phan Kế Bính, Ba Đình",Số 36 Phan Kế Bính,,,Ba Đình,Hà Nội,Vietnam,21.0348276,105.8111418,,,,Mo-Su 08:00-23:00,,,,,,,,,https://www.openstreetmap.org/node/9805222052,2026-07-08,ODbL-1.0,true,0.75,not_observed,unverified,needs_review,"{""addr:district"": ""Ba Đình"", ""addr:street"": ""Số 36 Phan Kế Bính"", ""air_conditioning"": ""yes"", ""amenity"": ""cafe"", ""contact:facebook"": ""https://www.facebook.com/%E9%A2%A8%E9%88%B4%E3%82%AB%E3%83%95%E3%82%A7-Fuurin-Cafe-479290679493394/"", ""lgbtq"": ""welcome"", ""name"": ""Fuurin Cafe"", ""opening_hours"": ""Mo-Su 08:00-23:00"", ""payment:credit_cards"": ""yes""}",
rest_osm_node_12651916755,openstreetmap,node,12651916755,Galbi Roman,Galbi Roman,,cafe,korean,korean,,,"25 Phố Phan Kế Bính, Ba Đình, Hà Nội",Phố Phan Kế Bính,25,,Ba Đình,Hà Nội,Vietnam,21.0353500,105.8089295,+84962856356,,,10:30 - 23:00,,,,,,,no,,https://www.openstreetmap.org/node/12651916755,2026-07-08,ODbL-1.0,true,0.75,not_observed,unverified,needs_review,"{""addr:city"": ""Hà Nội"", ""addr:district"": ""Ba Đình"", ""addr:housenumber"": ""25"", ""addr:postcode"": ""10000"", ""addr:province"": ""Hà Nội"", ""addr:street"": ""Phố Phan Kế Bính"", ""addr:subdistrict"": ""Phường Cống Vị"", ""amenity"": ""cafe"", ""cuisine"": ""korean"", ""internet_access"": ""yes"", ""internet_access:fee"": ""no"", ""name"": ""Galbi Roman"", ""opening_hours"": ""10:30 - 23:00"", ""outdoor_seating"": ""no"", ""phone"": ""+84962856356""}",
rest_osm_node_13806229589,openstreetmap,node,13806229589,Gong Cha,Gong Cha,,cafe,bubble_tea,bubble_tea,Gong Cha,,,,,,Ba Đình,Hà Nội,Vietnam,21.0314656,105.8307788,,,,,yes,,,,,,,,https://www.openstreetmap.org/node/13806229589,2026-07-08,ODbL-1.0,true,0.75,not_observed,unverified,needs_review,"{""alt_name:vi"": ""Cống Trà"", ""amenity"": ""cafe"", ""brand"": ""Gong Cha"", ""brand:vi"": ""Gong Cha"", ""brand:wikidata"": ""Q5581670"", ""brand:zh"": ""貢茶"", ""cuisine"": ""bubble_tea"", ""name"": ""Gong Cha"", ""name:vi"": ""Gong Cha"", ""name:zh"": ""貢茶"", ""takeaway"": ""yes""}",
rest_osm_node_11348093448,openstreetmap,node,11348093448,Green Lake Café,Green Lake Café,,cafe,,,,,,,,,Ba Đình,Hà Nội,Vietnam,21.0357779,105.8293091,,,,,,,,,,,,,https://www.openstreetmap.org/node/11348093448,2026-07-08,ODbL-1.0,true,0.75,not_observed,unverified,needs_review,"{""amenity"": ""cafe"", ""name"": ""Green Lake Café""}",
rest_osm_node_11285432532,openstreetmap,node,11285432532,Hanoi Metro Cafe & Canteen,Hanoi Metro Cafe & Canteen,,cafe,coffee_shop,coffee_shop,,,,,,,Ba Đình,Hà Nội,Vietnam,21.0277544,105.8273234,,,,,,,,,,,,,https://www.openstreetmap.org/node/11285432532,2026-07-08,ODbL-1.0,true,0.75,not_observed,unverified,needs_review,"{""amenity"": ""cafe"", ""cuisine"": ""coffee_shop"", ""level"": ""0"", ""name"": ""Hanoi Metro Cafe & Canteen""}",
rest_osm_node_11521920517,openstreetmap,node,11521920517,Happy Brew Coffee,Happy Brew Coffee,,cafe,,,,,,,,,Ba Đình,Hà Nội,Vietnam,21.0353690,105.8105880,,,,,,,,,,,,,https://www.openstreetmap.org/node/11521920517,2026-07-08,ODbL-1.0,true,0.75,not_observed,unverified,needs_review,"{""amenity"": ""cafe"", ""name"": ""Happy Brew Coffee""}",
rest_osm_way_1290426235,openstreetmap,way,1290426235,Helio Coffee,Helio Coffee,,cafe,coffee_shop,coffee_shop,,,,,,,Ba Đình,Hà Nội,Vietnam,21.0362442,105.8339144,,,,,,,,,,,,,https://www.openstreetmap.org/way/1290426235,2026-07-08,ODbL-1.0,true,0.75,not_observed,unverified,needs_review,"{""amenity"": ""cafe"", ""building"": ""yes"", ""cuisine"": ""coffee_shop"", ""name"": ""Helio Coffee""}",
rest_osm_node_10621408647,openstreetmap,node,10621408647,Highlands Coffee,Highlands Coffee,Highlands Coffee,cafe,coffee_shop;vietnamese,"coffee_shop,vietnamese",Highlands Coffee,,,,,,Ba Đình,Hà Nội,Vietnam,21.0312770,105.8147263,,,,,yes,,,,,,,,https://www.openstreetmap.org/node/10621408647,2026-07-08,ODbL-1.0,true,0.75,not_observed,unverified,needs_review,"{""amenity"": ""cafe"", ""brand"": ""Highlands Coffee"", ""brand:wikidata"": ""Q5759361"", ""cuisine"": ""coffee_shop;vietnamese"", ""name"": ""Highlands Coffee"", ""name:en"": ""Highlands Coffee"", ""takeaway"": ""yes""}",
rest_osm_node_12243190801,openstreetmap,node,12243190801,Highlands Coffee,Highlands Coffee,Highlands Coffee,cafe,coffee_shop;vietnamese,"coffee_shop,vietnamese",Highlands Coffee,,,,,,Ba Đình,Hà Nội,Vietnam,21.0425980,105.8369236,,,,,yes,,,,,,,,https://www.openstreetmap.org/node/12243190801,2026-07-08,ODbL-1.0,true,0.75,not_observed,unverified,needs_review,"{""amenity"": ""cafe"", ""brand"": ""Highlands Coffee"", ""brand:wikidata"": ""Q5759361"", ""cuisine"": ""coffee_shop;vietnamese"", ""name"": ""Highlands Coffee"", ""name:en"": ""Highlands Coffee"", ""takeaway"": ""yes""}",
rest_osm_node_13806229590,openstreetmap,node,13806229590,Highlands Coffee,Highlands Coffee,Highlands Coffee,cafe,coffee_shop;vietnamese,"coffee_shop,vietnamese",Highlands Coffee,,,,,,Ba Đình,Hà Nội,Vietnam,21.0312967,105.8305125,,,,,yes,,,,,,,,https://www.openstreetmap.org/node/13806229590,2026-07-08,ODbL-1.0,true,0.75,not_observed,unverified,needs_review,"{""amenity"": ""cafe"", ""brand"": ""Highlands Coffee"", ""brand:wikidata"": ""Q5759361"", ""cuisine"": ""coffee_shop;vietnamese"", ""name"": ""Highlands Coffee"", ""name:en"": ""Highlands Coffee"", ""takeaway"": ""yes""}",
rest_osm_node_10651129981,openstreetmap,node,10651129981,Joma Bakery Cafe,Joma Bakery Cafe,,cafe,bakery,bakery,,,"38 Phố Liễu Giai, Ba Đình, Hà Nội",Phố Liễu Giai,38,,Ba Đình,Hà Nội,Vietnam,21.0345791,105.8139822,+84 243 762 8383,https://www.joma.biz/,,Mo-Su 07:00-21:00,,yes,,,,,yes,,https://www.openstreetmap.org/node/10651129981,2026-07-08,ODbL-1.0,true,0.75,not_observed,unverified,needs_review,"{""addr:city"": ""Hà Nội"", ""addr:district"": ""Ba Đình"", ""addr:housenumber"": ""38"", ""addr:postcode"": ""100000"", ""addr:province"": ""Hà Nội"", ""addr:street"": ""Phố Liễu Giai"", ""addr:subdistrict"": ""Cống Vị"", ""amenity"": ""cafe"", ""cuisine"": ""bakery"", ""delivery"": ""yes"", ""internet_access"": ""yes"", ""internet_access:fee"": ""customers"", ""name"": ""Joma Bakery Cafe"", ""opening_hours"": ""Mo-Su 07:00-21:00"", ""outdoor_seating"": ""yes"", ""phone"": ""+84 243 762 8383"", ""website"": ""https://www.joma.biz/""}",
rest_osm_node_11883399469,openstreetmap,node,11883399469,LAIKA Café,LAIKA Café,,cafe,coffee_shop;ice_cream,"coffee_shop,ice_cream",,,Đường Thanh Niên,Đường Thanh Niên,,,Ba Đình,Hà Nội,Vietnam,21.0489369,105.8384751,,,,,,,,,,,,,https://www.openstreetmap.org/node/11883399469,2026-07-08,ODbL-1.0,true,0.75,not_observed,unverified,needs_review,"{""addr:street"": ""Đường Thanh Niên"", ""amenity"": ""cafe"", ""cuisine"": ""coffee_shop;ice_cream"", ""name"": ""LAIKA Café""}",
rest_osm_node_13392766185,openstreetmap,node,13392766185,La Do Mi,La Do Mi,,cafe,,,,,,,,,Ba Đình,Hà Nội,Vietnam,21.0292008,105.8379683,,,,,,,,,,,,,https://www.openstreetmap.org/node/13392766185,2026-07-08,ODbL-1.0,true,0.75,not_observed,unverified,needs_review,"{""amenity"": ""cafe"", ""name"": ""La Do Mi""}",
rest_osm_node_13530641701,openstreetmap,node,13530641701,Là Việt Coffee,Là Việt Coffee,,cafe,cake;coffee_shop,"cake,coffee_shop",,,32 Phố Vạn Bảo,Phố Vạn Bảo,32,,Ba Đình,Hà Nội,Vietnam,21.0345489,105.8172953,+84867705895,https://laviet.coffee/,,Mo-Su 07:00-17:00,,,,,,,yes,,https://www.openstreetmap.org/node/13530641701,2026-07-08,ODbL-1.0,true,0.75,not_observed,unverified,needs_review,"{""addr:housenumber"": ""32"", ""addr:street"": ""Phố Vạn Bảo"", ""amenity"": ""cafe"", ""cuisine"": ""cake;coffee_shop"", ""internet_access"": ""wlan"", ""name"": ""Là Việt Coffee"", ""opening_hours"": ""Mo-Su 07:00-17:00"", ""outdoor_seating"": ""yes"", ""phone"": ""+84867705895"", ""website"": ""https://laviet.coffee/""}",
rest_osm_node_11832188470,openstreetmap,node,11832188470,Mixue,Mixue,Mixue,cafe,ice_cream;bubble_tea,"ice_cream,bubble_tea",Mixue Ice Cream & Tea,,,,,,Ba Đình,Hà Nội,Vietnam,21.0435544,105.8362406,,,,,yes,,,,,,,,https://www.openstreetmap.org/node/11832188470,2026-07-08,ODbL-1.0,true,0.75,not_observed,unverified,needs_review,"{""amenity"": ""cafe"", ""brand"": ""Mixue Ice Cream & Tea"", ""brand:wikidata"": ""Q107406476"", ""cuisine"": ""ice_cream;bubble_tea"", ""name"": ""Mixue"", ""name:en"": ""Mixue"", ""takeaway"": ""yes""}",
rest_osm_node_13688591630,openstreetmap,node,13688591630,Moc,Moc,,cafe,,,,,,,,,Ba Đình,Hà Nội,Vietnam,21.0355550,105.8273958,,,,,,,,,,,veranda,,https://www.openstreetmap.org/node/13688591630,2026-07-08,ODbL-1.0,true,0.75,not_observed,unverified,needs_review,"{""air_conditioning"": ""no"", ""amenity"": ""cafe"", ""indoor_seating"": ""yes"", ""name"": ""Moc"", ""outdoor_seating"": ""veranda""}",
rest_osm_node_11563281096,openstreetmap,node,11563281096,Nghiền cafe,Nghiền cafe,,cafe,coffee_shop,coffee_shop,,,"12 Dao Tan, Ba Đình, Hà Nội",Dao Tan,12,,Ba Đình,Hà Nội,Vietnam,21.0326180,105.8093764,+84 94 893 19 77,https://www.facebook.com/laikacafe.daotan/,,Mo-Su 10:00-22:00,,,,,,,yes,,https://www.openstreetmap.org/node/11563281096,2026-07-08,ODbL-1.0,true,0.75,not_observed,unverified,needs_review,"{""addr:city"": ""Hà Nội"", ""addr:district"": ""Ba Đình"", ""addr:housenumber"": ""12"", ""addr:postcode"": ""100000"", ""addr:province"": ""Hà Nội"", ""addr:street"": ""Dao Tan"", ""addr:subdistrict"": ""Cống Vị"", ""amenity"": ""cafe"", ""cuisine"": ""coffee_shop"", ""internet_access"": ""yes"", ""internet_access:fee"": ""no"", ""name"": ""Nghiền cafe"", ""opening_hours"": ""Mo-Su 10:00-22:00"", ""outdoor_seating"": ""yes"", ""phone"": ""+84 94 893 19 77"", ""website"": ""https://www.facebook.com/laikacafe.daotan/""}",
rest_osm_node_3575188505,openstreetmap,node,3575188505,Onion Cellar Ham Hanh,Onion Cellar Ham Hanh,,cafe,,,,,,,,,Ba Đình,Hà Nội,Vietnam,21.0347878,105.8255659,,,,,,,,,,,,,https://www.openstreetmap.org/node/3575188505,2026-07-08,ODbL-1.0,true,0.75,not_observed,unverified,needs_review,"{""amenity"": ""cafe"", ""name"": ""Onion Cellar Ham Hanh""}",
rest_osm_node_4560198562,openstreetmap,node,4560198562,Petit Jardin Coffee,Petit Jardin Coffee,,cafe,,,,,,,,,Ba Đình,Hà Nội,Vietnam,21.0500600,105.8391963,,,,,,,,,,,,,https://www.openstreetmap.org/node/4560198562,2026-07-08,ODbL-1.0,true,0.75,not_observed,unverified,needs_review,"{""amenity"": ""cafe"", ""name"": ""Petit Jardin Coffee""}",
